R2,MAE,RMSE,Modelo
0.956242202144449,4.650986556119175,5.449243737130747,RF Otimizado
