R2,MAE,Modelo
0.956732870438922,4.4929727989251464,RF Padrão
