Idade,Horas_Estudo_Semana,Aprovado,Horas_por_Idade,real,pred,abs_error
1.4876444533179995,-1.3989327804508993,0,-2.0811145914025078,30,19.253832481275694,10.746167518724306
1.4876444533179995,-0.6054559120931468,0,-0.9007031293539601,50,39.371721334859664,10.628278665140336
-1.5284454472506923,-0.6054559120931468,0,0.9254063323497856,50,39.371721334859664,10.628278665140336
0.9849628032232174,-1.5973019975403373,0,-1.5732830530913753,25,14.402382444815082,10.597617555184918
0.9849628032232174,0.9814978246223584,1,0.966738848697528,70,80.5669626879627,10.5669626879627
